GROUP,PACKAGE,CLASS,INSTRUCTION_MISSED,INSTRUCTION_COVERED,BRANCH_MISSED,BRANCH_COVERED,LINE_MISSED,LINE_COVERED,COMPLEXITY_MISSED,COMPLEXITY_COVERED,METHOD_MISSED,METHOD_COVERED
"commons-io-2.0-src (17 Apr, 2019 1:37:03 PM)/commons-io-2.0-src/src/main/java",org.apache.commons.io.monitor,FileAlterationListenerAdaptor,0,11,0,0,0,9,0,9,0,9
"commons-io-2.0-src (17 Apr, 2019 1:37:03 PM)/commons-io-2.0-src/src/main/java",org.apache.commons.io.monitor,FileAlterationObserver,60,517,12,62,10,113,12,46,2,19
"commons-io-2.0-src (17 Apr, 2019 1:37:03 PM)/commons-io-2.0-src/src/main/java",org.apache.commons.io.monitor,FileEntry,51,120,9,13,16,29,18,13,10,10
"commons-io-2.0-src (17 Apr, 2019 1:37:03 PM)/commons-io-2.0-src/src/main/java",org.apache.commons.io.monitor,FileAlterationMonitor,4,162,1,23,1,45,1,21,0,10
"commons-io-2.0-src (17 Apr, 2019 1:37:03 PM)/commons-io-2.0-src/src/main/java",org.apache.commons.io.input,CloseShieldInputStream,0,10,0,0,0,4,0,2,0,2
"commons-io-2.0-src (17 Apr, 2019 1:37:03 PM)/commons-io-2.0-src/src/main/java",org.apache.commons.io.input,TeeInputStream,10,60,2,6,5,18,2,8,1,5
"commons-io-2.0-src (17 Apr, 2019 1:37:03 PM)/commons-io-2.0-src/src/main/java",org.apache.commons.io.input,XmlStreamReader,104,925,13,121,29,170,17,74,7,17
"commons-io-2.0-src (17 Apr, 2019 1:37:03 PM)/commons-io-2.0-src/src/main/java",org.apache.commons.io.input,SwappedDataInputStream,4,97,1,5,1,26,1,18,0,16
"commons-io-2.0-src (17 Apr, 2019 1:37:03 PM)/commons-io-2.0-src/src/main/java",org.apache.commons.io.input,NullInputStream,7,271,1,29,3,68,3,28,2,14
"commons-io-2.0-src (17 Apr, 2019 1:37:03 PM)/commons-io-2.0-src/src/main/java",org.apache.commons.io.input,Tailer,47,166,1,17,12,55,7,13,6,5
"commons-io-2.0-src (17 Apr, 2019 1:37:03 PM)/commons-io-2.0-src/src/main/java",org.apache.commons.io.input,CountingInputStream,0,84,0,6,0,20,0,10,0,7
"commons-io-2.0-src (17 Apr, 2019 1:37:03 PM)/commons-io-2.0-src/src/main/java",org.apache.commons.io.input,TailerListenerAdapter,8,0,0,0,6,0,6,0,6,0
"commons-io-2.0-src (17 Apr, 2019 1:37:03 PM)/commons-io-2.0-src/src/main/java",org.apache.commons.io.input,AutoCloseInputStream,5,19,0,2,3,8,1,4,1,3
"commons-io-2.0-src (17 Apr, 2019 1:37:03 PM)/commons-io-2.0-src/src/main/java",org.apache.commons.io.input,ClosedInputStream,0,10,0,0,0,3,0,3,0,3
"commons-io-2.0-src (17 Apr, 2019 1:37:03 PM)/commons-io-2.0-src/src/main/java",org.apache.commons.io.input,ClassLoaderObjectInputStream,4,18,1,1,1,6,1,2,0,2
"commons-io-2.0-src (17 Apr, 2019 1:37:03 PM)/commons-io-2.0-src/src/main/java",org.apache.commons.io.input,XmlStreamReaderException,0,43,0,0,0,14,0,7,0,7
"commons-io-2.0-src (17 Apr, 2019 1:37:03 PM)/commons-io-2.0-src/src/main/java",org.apache.commons.io.input,NullReader,5,252,0,26,2,63,2,26,2,13
"commons-io-2.0-src (17 Apr, 2019 1:37:03 PM)/commons-io-2.0-src/src/main/java",org.apache.commons.io.input,ProxyReader,102,51,4,2,38,16,11,6,8,6
"commons-io-2.0-src (17 Apr, 2019 1:37:03 PM)/commons-io-2.0-src/src/main/java",org.apache.commons.io.input,ProxyInputStream,38,85,1,3,16,29,2,13,1,12
"commons-io-2.0-src (17 Apr, 2019 1:37:03 PM)/commons-io-2.0-src/src/main/java",org.apache.commons.io.input,ReaderInputStream,4,187,1,21,2,42,2,18,1,8
"commons-io-2.0-src (17 Apr, 2019 1:37:03 PM)/commons-io-2.0-src/src/main/java",org.apache.commons.io.input,TaggedInputStream,0,24,0,0,0,7,0,4,0,4
"commons-io-2.0-src (17 Apr, 2019 1:37:03 PM)/commons-io-2.0-src/src/main/java",org.apache.commons.io.input,DemuxInputStream,12,29,3,1,5,8,3,3,1,3
"commons-io-2.0-src (17 Apr, 2019 1:37:03 PM)/commons-io-2.0-src/src/main/java",org.apache.commons.io.input,BoundedInputStream,84,107,9,11,21,23,14,10,9,5
"commons-io-2.0-src (17 Apr, 2019 1:37:03 PM)/commons-io-2.0-src/src/main/java",org.apache.commons.io.input,BrokenInputStream,7,21,0,0,2,8,1,6,1,6
"commons-io-2.0-src (17 Apr, 2019 1:37:03 PM)/commons-io-2.0-src/src/main/java",org.apache.commons.io.input,CharSequenceReader,41,127,5,15,6,33,6,13,1,8
"commons-io-2.0-src (17 Apr, 2019 1:37:03 PM)/commons-io-2.0-src/src/main/java",org.apache.commons.io.input,BOMInputStream,0,340,0,56,0,71,0,45,0,17
"commons-io-2.0-src (17 Apr, 2019 1:37:03 PM)/commons-io-2.0-src/src/main/java",org.apache.commons.io.output,TeeOutputStream,12,35,0,0,6,12,2,4,2,4
"commons-io-2.0-src (17 Apr, 2019 1:37:03 PM)/commons-io-2.0-src/src/main/java",org.apache.commons.io.output,NullWriter,4,17,0,0,2,11,2,10,2,10
"commons-io-2.0-src (17 Apr, 2019 1:37:03 PM)/commons-io-2.0-src/src/main/java",org.apache.commons.io.output,WriterOutputStream,19,165,2,8,5,46,4,13,2,10
"commons-io-2.0-src (17 Apr, 2019 1:37:03 PM)/commons-io-2.0-src/src/main/java",org.apache.commons.io.output,LockableFileWriter,114,160,6,12,34,47,16,11,11,7
"commons-io-2.0-src (17 Apr, 2019 1:37:03 PM)/commons-io-2.0-src/src/main/java",org.apache.commons.io.output,TaggedOutputStream,0,24,0,0,0,7,0,4,0,4
"commons-io-2.0-src (17 Apr, 2019 1:37:03 PM)/commons-io-2.0-src/src/main/java",org.apache.commons.io.output,ThresholdingOutputStream,28,81,0,6,10,22,4,10,4,7
"commons-io-2.0-src (17 Apr, 2019 1:37:03 PM)/commons-io-2.0-src/src/main/java",org.apache.commons.io.output,NullOutputStream,0,11,0,0,0,5,0,5,0,5
"commons-io-2.0-src (17 Apr, 2019 1:37:03 PM)/commons-io-2.0-src/src/main/java",org.apache.commons.io.output,DemuxOutputStream,20,30,5,1,8,9,5,3,2,3
"commons-io-2.0-src (17 Apr, 2019 1:37:03 PM)/commons-io-2.0-src/src/main/java",org.apache.commons.io.output,FileWriterWithEncoding,141,78,5,7,40,28,18,8,14,6
"commons-io-2.0-src (17 Apr, 2019 1:37:03 PM)/commons-io-2.0-src/src/main/java",org.apache.commons.io.output,DeferredFileOutputStream,0,138,0,12,0,41,0,16,0,10
"commons-io-2.0-src (17 Apr, 2019 1:37:03 PM)/commons-io-2.0-src/src/main/java",org.apache.commons.io.output,ByteArrayOutputStream,19,454,10,34,4,108,10,28,0,16
"commons-io-2.0-src (17 Apr, 2019 1:37:03 PM)/commons-io-2.0-src/src/main/java",org.apache.commons.io.output,XmlStreamWriter,49,166,8,16,12,44,10,13,3,8
"commons-io-2.0-src (17 Apr, 2019 1:37:03 PM)/commons-io-2.0-src/src/main/java",org.apache.commons.io.output,ClosedOutputStream,0,21,0,0,0,3,0,3,0,3
"commons-io-2.0-src (17 Apr, 2019 1:37:03 PM)/commons-io-2.0-src/src/main/java",org.apache.commons.io.output,StringBuilderWriter,1,78,2,4,1,24,3,12,1,11
"commons-io-2.0-src (17 Apr, 2019 1:37:03 PM)/commons-io-2.0-src/src/main/java",org.apache.commons.io.output,CloseShieldOutputStream,0,10,0,0,0,4,0,2,0,2
"commons-io-2.0-src (17 Apr, 2019 1:37:03 PM)/commons-io-2.0-src/src/main/java",org.apache.commons.io.output,ProxyOutputStream,17,66,0,2,5,27,0,10,0,9
"commons-io-2.0-src (17 Apr, 2019 1:37:03 PM)/commons-io-2.0-src/src/main/java",org.apache.commons.io.output,ProxyWriter,98,93,0,6,32,38,6,11,6,8
"commons-io-2.0-src (17 Apr, 2019 1:37:03 PM)/commons-io-2.0-src/src/main/java",org.apache.commons.io.output,BrokenOutputStream,7,15,0,0,2,6,1,4,1,4
"commons-io-2.0-src (17 Apr, 2019 1:37:03 PM)/commons-io-2.0-src/src/main/java",org.apache.commons.io.output,CountingOutputStream,0,72,0,4,0,17,0,8,0,6
"commons-io-2.0-src (17 Apr, 2019 1:37:03 PM)/commons-io-2.0-src/src/main/java",org.apache.commons.io,FileCleaner,31,7,0,0,12,2,7,2,7,2
"commons-io-2.0-src (17 Apr, 2019 1:37:03 PM)/commons-io-2.0-src/src/main/java",org.apache.commons.io,CopyUtils,0,132,0,4,0,40,0,13,0,11
"commons-io-2.0-src (17 Apr, 2019 1:37:03 PM)/commons-io-2.0-src/src/main/java",org.apache.commons.io,FileUtils,541,1922,77,271,99,464,69,182,6,71
"commons-io-2.0-src (17 Apr, 2019 1:37:03 PM)/commons-io-2.0-src/src/main/java",org.apache.commons.io,DirectoryWalker.CancelException,0,22,0,0,0,8,0,4,0,4
"commons-io-2.0-src (17 Apr, 2019 1:37:03 PM)/commons-io-2.0-src/src/main/java",org.apache.commons.io,IOUtils,139,759,30,102,42,227,29,99,10,52
"commons-io-2.0-src (17 Apr, 2019 1:37:03 PM)/commons-io-2.0-src/src/main/java",org.apache.commons.io,FileDeleteStrategy,3,60,0,8,2,13,0,10,0,6
"commons-io-2.0-src (17 Apr, 2019 1:37:03 PM)/commons-io-2.0-src/src/main/java",org.apache.commons.io,FileExistsException,15,4,0,0,4,2,2,1,2,1
"commons-io-2.0-src (17 Apr, 2019 1:37:03 PM)/commons-io-2.0-src/src/main/java",org.apache.commons.io,IOExceptionWithCause,2,19,1,1,0,6,1,2,0,2
"commons-io-2.0-src (17 Apr, 2019 1:37:03 PM)/commons-io-2.0-src/src/main/java",org.apache.commons.io,ByteOrderMark,0,249,0,24,0,44,0,21,0,9
"commons-io-2.0-src (17 Apr, 2019 1:37:03 PM)/commons-io-2.0-src/src/main/java",org.apache.commons.io,DirectoryWalker,1,220,0,26,1,58,1,28,1,15
"commons-io-2.0-src (17 Apr, 2019 1:37:03 PM)/commons-io-2.0-src/src/main/java",org.apache.commons.io,IOCase,1,189,1,31,0,35,1,28,0,13
"commons-io-2.0-src (17 Apr, 2019 1:37:03 PM)/commons-io-2.0-src/src/main/java",org.apache.commons.io,FileCleaningTracker.Reaper,0,50,0,6,0,13,0,5,0,2
"commons-io-2.0-src (17 Apr, 2019 1:37:03 PM)/commons-io-2.0-src/src/main/java",org.apache.commons.io,EndianUtils,0,819,0,4,0,121,0,33,0,31
"commons-io-2.0-src (17 Apr, 2019 1:37:03 PM)/commons-io-2.0-src/src/main/java",org.apache.commons.io,ThreadMonitor,0,53,0,4,0,19,0,7,0,5
"commons-io-2.0-src (17 Apr, 2019 1:37:03 PM)/commons-io-2.0-src/src/main/java",org.apache.commons.io,TaggedIOException,3,37,1,7,1,10,2,7,1,4
"commons-io-2.0-src (17 Apr, 2019 1:37:03 PM)/commons-io-2.0-src/src/main/java",org.apache.commons.io,FileSystemUtils,139,587,32,61,30,132,22,40,2,12
"commons-io-2.0-src (17 Apr, 2019 1:37:03 PM)/commons-io-2.0-src/src/main/java",org.apache.commons.io,LineIterator,0,106,0,16,0,38,0,16,0,8
"commons-io-2.0-src (17 Apr, 2019 1:37:03 PM)/commons-io-2.0-src/src/main/java",org.apache.commons.io,HexDump,3,292,0,24,2,47,1,16,1,4
"commons-io-2.0-src (17 Apr, 2019 1:37:03 PM)/commons-io-2.0-src/src/main/java",org.apache.commons.io,FileDeleteStrategy.ForceFileDeleteStrategy,0,8,0,0,0,4,0,2,0,2
"commons-io-2.0-src (17 Apr, 2019 1:37:03 PM)/commons-io-2.0-src/src/main/java",org.apache.commons.io,FileCleaningTracker,3,117,1,9,1,30,2,12,1,8
"commons-io-2.0-src (17 Apr, 2019 1:37:03 PM)/commons-io-2.0-src/src/main/java",org.apache.commons.io,FileCleaningTracker.Tracker,0,27,0,2,0,6,0,4,0,3
"commons-io-2.0-src (17 Apr, 2019 1:37:03 PM)/commons-io-2.0-src/src/main/java",org.apache.commons.io,FilenameUtils,12,1275,8,288,5,299,9,178,1,38
"commons-io-2.0-src (17 Apr, 2019 1:37:03 PM)/commons-io-2.0-src/src/main/java",org.apache.commons.io.filefilter,NameFileFilter,46,151,7,19,10,34,5,17,1,8
"commons-io-2.0-src (17 Apr, 2019 1:37:03 PM)/commons-io-2.0-src/src/main/java",org.apache.commons.io.filefilter,FileFilterUtils,43,388,2,32,8,78,7,54,5,39
"commons-io-2.0-src (17 Apr, 2019 1:37:03 PM)/commons-io-2.0-src/src/main/java",org.apache.commons.io.filefilter,MagicNumberFileFilter,65,104,8,12,14,30,9,7,1,5
"commons-io-2.0-src (17 Apr, 2019 1:37:03 PM)/commons-io-2.0-src/src/main/java",org.apache.commons.io.filefilter,DelegateFileFilter,30,53,3,7,3,17,3,7,1,4
"commons-io-2.0-src (17 Apr, 2019 1:37:03 PM)/commons-io-2.0-src/src/main/java",org.apache.commons.io.filefilter,WildcardFileFilter,46,151,7,19,10,34,5,17,1,8
"commons-io-2.0-src (17 Apr, 2019 1:37:03 PM)/commons-io-2.0-src/src/main/java",org.apache.commons.io.filefilter,DirectoryFileFilter,0,13,0,0,0,5,0,3,0,3
"commons-io-2.0-src (17 Apr, 2019 1:37:03 PM)/commons-io-2.0-src/src/main/java",org.apache.commons.io.filefilter,EmptyFileFilter,0,37,1,7,0,8,1,6,0,3
"commons-io-2.0-src (17 Apr, 2019 1:37:03 PM)/commons-io-2.0-src/src/main/java",org.apache.commons.io.filefilter,CanWriteFileFilter,0,16,0,0,0,5,0,3,0,3
"commons-io-2.0-src (17 Apr, 2019 1:37:03 PM)/commons-io-2.0-src/src/main/java",org.apache.commons.io.filefilter,HiddenFileFilter,0,16,0,0,0,5,0,3,0,3
"commons-io-2.0-src (17 Apr, 2019 1:37:03 PM)/commons-io-2.0-src/src/main/java",org.apache.commons.io.filefilter,OrFileFilter,52,114,9,13,11,31,6,15,1,9
"commons-io-2.0-src (17 Apr, 2019 1:37:03 PM)/commons-io-2.0-src/src/main/java",org.apache.commons.io.filefilter,SizeFileFilter,24,44,2,8,2,10,2,7,1,3
"commons-io-2.0-src (17 Apr, 2019 1:37:03 PM)/commons-io-2.0-src/src/main/java",org.apache.commons.io.filefilter,AbstractFileFilter,0,22,0,0,0,4,0,4,0,4
"commons-io-2.0-src (17 Apr, 2019 1:37:03 PM)/commons-io-2.0-src/src/main/java",org.apache.commons.io.filefilter,TrueFileFilter,0,14,0,0,0,6,0,4,0,4
"commons-io-2.0-src (17 Apr, 2019 1:37:03 PM)/commons-io-2.0-src/src/main/java",org.apache.commons.io.filefilter,AgeFileFilter,24,52,2,4,2,16,2,9,1,7
"commons-io-2.0-src (17 Apr, 2019 1:37:03 PM)/commons-io-2.0-src/src/main/java",org.apache.commons.io.filefilter,PrefixFileFilter,51,146,9,17,10,34,7,15,1,8
"commons-io-2.0-src (17 Apr, 2019 1:37:03 PM)/commons-io-2.0-src/src/main/java",org.apache.commons.io.filefilter,FalseFileFilter,0,14,0,0,0,6,0,4,0,4
"commons-io-2.0-src (17 Apr, 2019 1:37:03 PM)/commons-io-2.0-src/src/main/java",org.apache.commons.io.filefilter,FileFileFilter,0,11,0,0,0,4,0,3,0,3
"commons-io-2.0-src (17 Apr, 2019 1:37:03 PM)/commons-io-2.0-src/src/main/java",org.apache.commons.io.filefilter,SuffixFileFilter,51,146,9,17,10,34,7,15,1,8
"commons-io-2.0-src (17 Apr, 2019 1:37:03 PM)/commons-io-2.0-src/src/main/java",org.apache.commons.io.filefilter,CanReadFileFilter,0,22,0,0,0,7,0,3,0,3
"commons-io-2.0-src (17 Apr, 2019 1:37:03 PM)/commons-io-2.0-src/src/main/java",org.apache.commons.io.filefilter,WildcardFilter,4,122,2,18,2,26,2,13,0,5
"commons-io-2.0-src (17 Apr, 2019 1:37:03 PM)/commons-io-2.0-src/src/main/java",org.apache.commons.io.filefilter,RegexFileFilter,0,72,2,10,0,24,2,9,0,5
"commons-io-2.0-src (17 Apr, 2019 1:37:03 PM)/commons-io-2.0-src/src/main/java",org.apache.commons.io.filefilter,AndFileFilter,61,117,9,17,14,32,7,16,2,8
"commons-io-2.0-src (17 Apr, 2019 1:37:03 PM)/commons-io-2.0-src/src/main/java",org.apache.commons.io.filefilter,NotFileFilter,16,32,0,6,1,7,1,6,1,3
"commons-io-2.0-src (17 Apr, 2019 1:37:03 PM)/commons-io-2.0-src/src/main/java",org.apache.commons.io.comparator,SizeFileComparator,0,105,2,14,0,27,2,11,0,5
"commons-io-2.0-src (17 Apr, 2019 1:37:03 PM)/commons-io-2.0-src/src/main/java",org.apache.commons.io.comparator,AbstractFileComparator,0,21,0,4,0,8,0,6,0,4
"commons-io-2.0-src (17 Apr, 2019 1:37:03 PM)/commons-io-2.0-src/src/main/java",org.apache.commons.io.comparator,ReverseComparator,5,30,1,1,1,6,1,3,0,3
"commons-io-2.0-src (17 Apr, 2019 1:37:03 PM)/commons-io-2.0-src/src/main/java",org.apache.commons.io.comparator,LastModifiedFileComparator,0,33,0,4,0,9,0,5,0,3
"commons-io-2.0-src (17 Apr, 2019 1:37:03 PM)/commons-io-2.0-src/src/main/java",org.apache.commons.io.comparator,DirectoryFileComparator,0,28,0,2,0,7,0,5,0,4
"commons-io-2.0-src (17 Apr, 2019 1:37:03 PM)/commons-io-2.0-src/src/main/java",org.apache.commons.io.comparator,DefaultFileComparator,0,17,0,0,0,4,0,3,0,3
"commons-io-2.0-src (17 Apr, 2019 1:37:03 PM)/commons-io-2.0-src/src/main/java",org.apache.commons.io.comparator,NameFileComparator,0,69,0,2,0,14,0,6,0,5
"commons-io-2.0-src (17 Apr, 2019 1:37:03 PM)/commons-io-2.0-src/src/main/java",org.apache.commons.io.comparator,CompositeFileComparator,0,133,0,14,0,32,0,12,0,5
"commons-io-2.0-src (17 Apr, 2019 1:37:03 PM)/commons-io-2.0-src/src/main/java",org.apache.commons.io.comparator,ExtensionFileComparator,0,75,0,2,0,18,0,6,0,5
"commons-io-2.0-src (17 Apr, 2019 1:37:03 PM)/commons-io-2.0-src/src/main/java",org.apache.commons.io.comparator,PathFileComparator,0,69,0,2,0,14,0,6,0,5
"commons-io-2.0-src (17 Apr, 2019 1:37:03 PM)/commons-io-2.0-src/src/test/java",org.apache.commons.io.monitor,FileAlterationMonitorTestCase,31,207,1,3,6,54,1,7,0,6
"commons-io-2.0-src (17 Apr, 2019 1:37:03 PM)/commons-io-2.0-src/src/test/java",org.apache.commons.io.monitor,AbstractMonitorTestCase,27,308,1,5,4,52,1,10,0,8
"commons-io-2.0-src (17 Apr, 2019 1:37:03 PM)/commons-io-2.0-src/src/test/java",org.apache.commons.io.monitor,CollectionFileListener,0,116,0,2,0,38,0,17,0,16
"commons-io-2.0-src (17 Apr, 2019 1:37:03 PM)/commons-io-2.0-src/src/test/java",org.apache.commons.io.monitor,FileAlterationObserverTestCase,47,1235,0,0,6,251,0,10,0,10
"commons-io-2.0-src (17 Apr, 2019 1:37:03 PM)/commons-io-2.0-src/src/test/java",org.apache.commons.io.input,ProxyReaderTest.CustomNullReader,6,15,2,2,0,4,2,3,0,3
"commons-io-2.0-src (17 Apr, 2019 1:37:03 PM)/commons-io-2.0-src/src/test/java",org.apache.commons.io.input,CloseShieldInputStreamTest.new ByteArrayInputStream() {...},5,7,0,0,2,2,1,1,1,1
"commons-io-2.0-src (17 Apr, 2019 1:37:03 PM)/commons-io-2.0-src/src/test/java",org.apache.commons.io.input,TaggedInputStreamTest,47,178,0,0,16,50,0,5,0,5
"commons-io-2.0-src (17 Apr, 2019 1:37:03 PM)/commons-io-2.0-src/src/test/java",org.apache.commons.io.input,NullInputStreamTest.TestNullInputStream,0,39,0,2,0,9,0,5,0,4
"commons-io-2.0-src (17 Apr, 2019 1:37:03 PM)/commons-io-2.0-src/src/test/java",org.apache.commons.io.input,TailerTest.TestTailerListener,4,54,0,0,2,17,1,7,1,7
"commons-io-2.0-src (17 Apr, 2019 1:37:03 PM)/commons-io-2.0-src/src/test/java",org.apache.commons.io.input,NullInputStreamTest,71,375,0,14,16,88,0,16,0,9
"commons-io-2.0-src (17 Apr, 2019 1:37:03 PM)/commons-io-2.0-src/src/test/java",org.apache.commons.io.input,XmlStreamReaderTest,101,879,7,21,19,212,7,22,1,14
"commons-io-2.0-src (17 Apr, 2019 1:37:03 PM)/commons-io-2.0-src/src/test/java",org.apache.commons.io.input,CloseShieldInputStreamTest,0,61,0,0,0,11,0,3,0,3
"commons-io-2.0-src (17 Apr, 2019 1:37:03 PM)/commons-io-2.0-src/src/test/java",org.apache.commons.io.input,BOMInputStreamTest.ExpectCloseInputStream,2,8,0,0,1,4,1,2,1,2
"commons-io-2.0-src (17 Apr, 2019 1:37:03 PM)/commons-io-2.0-src/src/test/java",org.apache.commons.io.input,XmlStreamReaderUtilitiesTest,40,906,0,0,8,165,0,22,0,22
"commons-io-2.0-src (17 Apr, 2019 1:37:03 PM)/commons-io-2.0-src/src/test/java",org.apache.commons.io.input,AutoCloseInputStreamTest,0,217,0,10,0,37,0,11,0,6
"commons-io-2.0-src (17 Apr, 2019 1:37:03 PM)/commons-io-2.0-src/src/test/java",org.apache.commons.io.input,ClosedInputStreamTest,0,11,0,0,0,3,0,2,0,2
"commons-io-2.0-src (17 Apr, 2019 1:37:03 PM)/commons-io-2.0-src/src/test/java",org.apache.commons.io.input,BoundedInputStreamTest,0,267,0,8,0,36,0,8,0,4
"commons-io-2.0-src (17 Apr, 2019 1:37:03 PM)/commons-io-2.0-src/src/test/java",org.apache.commons.io.input,ProxyReaderTest.ProxyReaderImpl,0,4,0,0,0,2,0,1,0,1
"commons-io-2.0-src (17 Apr, 2019 1:37:03 PM)/commons-io-2.0-src/src/test/java",org.apache.commons.io.input,ClassLoaderObjectInputStreamTest,2,40,1,1,0,11,1,2,0,2
"commons-io-2.0-src (17 Apr, 2019 1:37:03 PM)/commons-io-2.0-src/src/test/java",org.apache.commons.io.input,AutoCloseInputStreamTest.new ByteArrayInputStream() {...},0,12,0,0,0,4,0,2,0,2
"commons-io-2.0-src (17 Apr, 2019 1:37:03 PM)/commons-io-2.0-src/src/test/java",org.apache.commons.io.input,BOMInputStreamTest,28,1217,0,4,5,210,0,30,0,28
"commons-io-2.0-src (17 Apr, 2019 1:37:03 PM)/commons-io-2.0-src/src/test/java",org.apache.commons.io.input,CountingInputStreamTest,12,381,0,0,4,102,0,11,0,11
"commons-io-2.0-src (17 Apr, 2019 1:37:03 PM)/commons-io-2.0-src/src/test/java",org.apache.commons.io.input,TeeInputStreamTest,0,239,0,0,0,48,0,9,0,9
"commons-io-2.0-src (17 Apr, 2019 1:37:03 PM)/commons-io-2.0-src/src/test/java",org.apache.commons.io.input,ProxyReaderTest,27,39,0,0,3,12,0,3,0,3
"commons-io-2.0-src (17 Apr, 2019 1:37:03 PM)/commons-io-2.0-src/src/test/java",org.apache.commons.io.input,BrokenInputStreamTest,54,57,0,0,14,23,0,7,0,7
"commons-io-2.0-src (17 Apr, 2019 1:37:03 PM)/commons-io-2.0-src/src/test/java",org.apache.commons.io.input,XmlStreamReaderUtilitiesTest.MockXmlStreamReader,0,11,0,0,0,2,0,1,0,1
"commons-io-2.0-src (17 Apr, 2019 1:37:03 PM)/commons-io-2.0-src/src/test/java",org.apache.commons.io.input,ReaderInputStreamTest,4,187,4,12,0,49,4,14,0,10
"commons-io-2.0-src (17 Apr, 2019 1:37:03 PM)/commons-io-2.0-src/src/test/java",org.apache.commons.io.input,SwappedDataInputStreamTest,14,189,0,2,4,55,0,18,0,17
"commons-io-2.0-src (17 Apr, 2019 1:37:03 PM)/commons-io-2.0-src/src/test/java",org.apache.commons.io.input,NullReaderTest.TestNullReader,0,39,0,2,0,9,0,5,0,4
"commons-io-2.0-src (17 Apr, 2019 1:37:03 PM)/commons-io-2.0-src/src/test/java",org.apache.commons.io.input,NullReaderTest,71,350,0,14,16,85,0,16,0,9
"commons-io-2.0-src (17 Apr, 2019 1:37:03 PM)/commons-io-2.0-src/src/test/java",org.apache.commons.io.input,TailerTest,4,411,2,6,0,95,2,9,0,7
"commons-io-2.0-src (17 Apr, 2019 1:37:03 PM)/commons-io-2.0-src/src/test/java",org.apache.commons.io.input,CharSequenceReaderTest,0,370,0,4,0,68,0,13,0,11
"commons-io-2.0-src (17 Apr, 2019 1:37:03 PM)/commons-io-2.0-src/src/test/java",org.apache.commons.io.output,ProxyWriterTest,90,174,0,0,10,48,0,9,0,9
"commons-io-2.0-src (17 Apr, 2019 1:37:03 PM)/commons-io-2.0-src/src/test/java",org.apache.commons.io.output,ClosedOutputStreamTest,8,5,0,0,2,3,0,2,0,2
"commons-io-2.0-src (17 Apr, 2019 1:37:03 PM)/commons-io-2.0-src/src/test/java",org.apache.commons.io.output,BrokenOutputStreamTest,37,45,0,0,10,17,0,5,0,5
"commons-io-2.0-src (17 Apr, 2019 1:37:03 PM)/commons-io-2.0-src/src/test/java",org.apache.commons.io.output,CloseShieldOutputStreamTest,7,45,0,0,2,12,0,3,0,3
"commons-io-2.0-src (17 Apr, 2019 1:37:03 PM)/commons-io-2.0-src/src/test/java",org.apache.commons.io.output,CloseShieldOutputStreamTest.new ByteArrayOutputStream() {...},5,6,0,0,2,2,1,1,1,1
"commons-io-2.0-src (17 Apr, 2019 1:37:03 PM)/commons-io-2.0-src/src/test/java",org.apache.commons.io.output,TeeOutputStreamTest,0,130,0,8,0,22,0,7,0,3
"commons-io-2.0-src (17 Apr, 2019 1:37:03 PM)/commons-io-2.0-src/src/test/java",org.apache.commons.io.output,ProxyOutputStreamTest,0,45,0,0,0,12,0,4,0,4
"commons-io-2.0-src (17 Apr, 2019 1:37:03 PM)/commons-io-2.0-src/src/test/java",org.apache.commons.io.output,CountingOutputStreamTest,12,194,0,10,4,41,0,9,0,4
"commons-io-2.0-src (17 Apr, 2019 1:37:03 PM)/commons-io-2.0-src/src/test/java",org.apache.commons.io.output,TaggedOutputStreamTest,43,141,0,0,15,42,0,4,0,4
"commons-io-2.0-src (17 Apr, 2019 1:37:03 PM)/commons-io-2.0-src/src/test/java",org.apache.commons.io.output,ByteArrayOutputStreamTestCase,11,272,4,12,4,57,4,12,0,8
"commons-io-2.0-src (17 Apr, 2019 1:37:03 PM)/commons-io-2.0-src/src/test/java",org.apache.commons.io.output,FileWriterWithEncodingTest,47,334,2,4,11,98,2,10,0,9
"commons-io-2.0-src (17 Apr, 2019 1:37:03 PM)/commons-io-2.0-src/src/test/java",org.apache.commons.io.output,NullWriterTest,0,47,0,0,0,12,0,2,0,2
"commons-io-2.0-src (17 Apr, 2019 1:37:03 PM)/commons-io-2.0-src/src/test/java",org.apache.commons.io.output,LockableFileWriterTest,61,373,0,0,14,103,0,10,0,10
"commons-io-2.0-src (17 Apr, 2019 1:37:03 PM)/commons-io-2.0-src/src/test/java",org.apache.commons.io.output,StringBuilderWriterTest,9,293,0,0,1,68,0,14,0,14
"commons-io-2.0-src (17 Apr, 2019 1:37:03 PM)/commons-io-2.0-src/src/test/java",org.apache.commons.io.output,WriterOutputStreamTest,0,184,0,6,0,48,0,14,0,11
"commons-io-2.0-src (17 Apr, 2019 1:37:03 PM)/commons-io-2.0-src/src/test/java",org.apache.commons.io.output,NullOutputStreamTest,0,36,0,0,0,12,0,2,0,2
"commons-io-2.0-src (17 Apr, 2019 1:37:03 PM)/commons-io-2.0-src/src/test/java",org.apache.commons.io.output,DeferredFileOutputStreamTest,61,545,0,0,29,148,0,12,0,12
"commons-io-2.0-src (17 Apr, 2019 1:37:03 PM)/commons-io-2.0-src/src/test/java",org.apache.commons.io.output,XmlStreamWriterTest,0,173,0,6,0,58,0,20,0,17
"commons-io-2.0-src (17 Apr, 2019 1:37:03 PM)/commons-io-2.0-src/src/test/java",org.apache.commons.io.output,ProxyOutputStreamTest.new ByteArrayOutputStream() {...},3,9,1,1,1,4,1,2,0,2
"commons-io-2.0-src (17 Apr, 2019 1:37:03 PM)/commons-io-2.0-src/src/test/java",org.apache.commons.io.testtools,YellOnFlushAndCloseOutputStream,16,23,3,1,5,10,3,3,1,3
"commons-io-2.0-src (17 Apr, 2019 1:37:03 PM)/commons-io-2.0-src/src/test/java",org.apache.commons.io.testtools,FileBasedTestCase,68,360,7,25,12,83,7,23,0,14
"commons-io-2.0-src (17 Apr, 2019 1:37:03 PM)/commons-io-2.0-src/src/test/java",org.apache.commons.io.testtools,YellOnCloseInputStream,5,4,0,0,1,2,1,1,1,1
"commons-io-2.0-src (17 Apr, 2019 1:37:03 PM)/commons-io-2.0-src/src/test/java",org.apache.commons.io,DirectoryWalkerTestCase.TestCancelWalker,5,57,0,6,1,17,0,8,0,5
"commons-io-2.0-src (17 Apr, 2019 1:37:03 PM)/commons-io-2.0-src/src/test/java",org.apache.commons.io,FileDeleteStrategyTestCase,10,215,0,0,4,61,0,8,0,8
"commons-io-2.0-src (17 Apr, 2019 1:37:03 PM)/commons-io-2.0-src/src/test/java",org.apache.commons.io,EndianUtilsTest,6,884,0,2,2,186,0,24,0,23
"commons-io-2.0-src (17 Apr, 2019 1:37:03 PM)/commons-io-2.0-src/src/test/java",org.apache.commons.io,FileCleanerTestCase,0,6,0,0,0,3,0,2,0,2
"commons-io-2.0-src (17 Apr, 2019 1:37:03 PM)/commons-io-2.0-src/src/test/java",org.apache.commons.io,DirectoryWalkerTestCase.TestFalseFileFinder,0,7,0,0,0,3,0,2,0,2
"commons-io-2.0-src (17 Apr, 2019 1:37:03 PM)/commons-io-2.0-src/src/test/java",org.apache.commons.io,FileSystemUtilsTestCase.new FileSystemUtils() {...},0,12,0,2,0,3,0,3,0,2
"commons-io-2.0-src (17 Apr, 2019 1:37:03 PM)/commons-io-2.0-src/src/test/java",org.apache.commons.io,IOUtilsWriteTestCase,86,1644,0,0,30,394,0,56,0,56
"commons-io-2.0-src (17 Apr, 2019 1:37:03 PM)/commons-io-2.0-src/src/test/java",org.apache.commons.io,DemuxTestCase.WriterThread,3,47,0,2,2,12,0,3,0,2
"commons-io-2.0-src (17 Apr, 2019 1:37:03 PM)/commons-io-2.0-src/src/test/java",org.apache.commons.io,DirectoryWalkerTestCaseJava4.TestCancelWalker,5,57,0,6,1,17,0,8,0,5
"commons-io-2.0-src (17 Apr, 2019 1:37:03 PM)/commons-io-2.0-src/src/test/java",org.apache.commons.io,LineIteratorTestCase.new LineIterator() {...},0,25,0,2,0,4,0,3,0,2
"commons-io-2.0-src (17 Apr, 2019 1:37:03 PM)/commons-io-2.0-src/src/test/java",org.apache.commons.io,FileUtilsTestCase.new File() {...},0,10,0,0,0,3,0,2,0,2
"commons-io-2.0-src (17 Apr, 2019 1:37:03 PM)/commons-io-2.0-src/src/test/java",org.apache.commons.io,LineIteratorTestCase,84,562,3,17,28,159,3,32,0,25
"commons-io-2.0-src (17 Apr, 2019 1:37:03 PM)/commons-io-2.0-src/src/test/java",org.apache.commons.io,DirectoryWalkerTestCase.TestFileFinder,4,32,0,0,1,12,0,5,0,5
"commons-io-2.0-src (17 Apr, 2019 1:37:03 PM)/commons-io-2.0-src/src/test/java",org.apache.commons.io,DirectoryWalkerTestCaseJava4.TestMultiThreadCancelWalker,5,65,0,6,1,20,0,9,0,6
"commons-io-2.0-src (17 Apr, 2019 1:37:03 PM)/commons-io-2.0-src/src/test/java",org.apache.commons.io,FilenameUtilsWildcardTestCase,1,1001,1,7,0,159,1,14,0,11
"commons-io-2.0-src (17 Apr, 2019 1:37:03 PM)/commons-io-2.0-src/src/test/java",org.apache.commons.io,FileUtilsFileNewerTestCase,33,156,2,2,8,35,2,9,0,9
"commons-io-2.0-src (17 Apr, 2019 1:37:03 PM)/commons-io-2.0-src/src/test/java",org.apache.commons.io,DemuxTestCase.ReaderThread,3,54,0,2,2,15,0,4,0,3
"commons-io-2.0-src (17 Apr, 2019 1:37:03 PM)/commons-io-2.0-src/src/test/java",org.apache.commons.io,DirectoryWalkerTestCase.TestFileFinderString,4,22,0,0,1,8,0,3,0,3
"commons-io-2.0-src (17 Apr, 2019 1:37:03 PM)/commons-io-2.0-src/src/test/java",org.apache.commons.io,CopyUtilsTest,0,414,0,0,0,94,0,14,0,14
"commons-io-2.0-src (17 Apr, 2019 1:37:03 PM)/commons-io-2.0-src/src/test/java",org.apache.commons.io,FileUtilsCleanSymlinksTestCase,428,58,7,7,97,21,8,10,1,10
"commons-io-2.0-src (17 Apr, 2019 1:37:03 PM)/commons-io-2.0-src/src/test/java",org.apache.commons.io,FileUtilsTestCase.ListDirectoryWalker,0,25,0,2,0,10,0,5,0,4
"commons-io-2.0-src (17 Apr, 2019 1:37:03 PM)/commons-io-2.0-src/src/test/java",org.apache.commons.io,FileUtilsTestCase.new File() {...},0,9,0,0,0,3,0,2,0,2
"commons-io-2.0-src (17 Apr, 2019 1:37:03 PM)/commons-io-2.0-src/src/test/java",org.apache.commons.io,FileUtilsListFilesTestCase,11,456,1,5,3,109,1,11,0,9
"commons-io-2.0-src (17 Apr, 2019 1:37:03 PM)/commons-io-2.0-src/src/test/java",org.apache.commons.io,DirectoryWalkerTestCaseJava4.TestFileFinder,4,32,0,0,1,12,0,5,0,5
"commons-io-2.0-src (17 Apr, 2019 1:37:03 PM)/commons-io-2.0-src/src/test/java",org.apache.commons.io,TaggedIOExceptionTest,0,34,0,0,0,9,0,2,0,2
"commons-io-2.0-src (17 Apr, 2019 1:37:03 PM)/commons-io-2.0-src/src/test/java",org.apache.commons.io,ByteOrderMarkTestCase,55,306,0,0,8,47,0,10,0,10
"commons-io-2.0-src (17 Apr, 2019 1:37:03 PM)/commons-io-2.0-src/src/test/java",org.apache.commons.io,FileSystemUtilsTestCase.MockFileSystemUtils,0,36,0,2,0,10,0,4,0,3
"commons-io-2.0-src (17 Apr, 2019 1:37:03 PM)/commons-io-2.0-src/src/test/java",org.apache.commons.io,IOExceptionWithCauseTestCase,0,49,0,0,0,13,0,4,0,4
"commons-io-2.0-src (17 Apr, 2019 1:37:03 PM)/commons-io-2.0-src/src/test/java",org.apache.commons.io,LineIteratorTestCase.new BufferedReader() {...},0,12,0,0,0,3,0,2,0,2
"commons-io-2.0-src (17 Apr, 2019 1:37:03 PM)/commons-io-2.0-src/src/test/java",org.apache.commons.io,FileSystemUtilsTestCase.new FileSystemUtils() {...},0,8,0,0,0,3,0,2,0,2
"commons-io-2.0-src (17 Apr, 2019 1:37:03 PM)/commons-io-2.0-src/src/test/java",org.apache.commons.io,HexDumpTest,16,829,0,42,4,141,0,25,0,4
"commons-io-2.0-src (17 Apr, 2019 1:37:03 PM)/commons-io-2.0-src/src/test/java",org.apache.commons.io,DirectoryWalkerTestCaseJava4,150,788,1,13,20,142,1,28,0,22
"commons-io-2.0-src (17 Apr, 2019 1:37:03 PM)/commons-io-2.0-src/src/test/java",org.apache.commons.io,IOUtilsTestCase,56,802,2,2,15,240,2,28,0,28
"commons-io-2.0-src (17 Apr, 2019 1:37:03 PM)/commons-io-2.0-src/src/test/java",org.apache.commons.io,FileCleaningTrackerTestCase,115,660,11,7,23,153,8,17,0,16
"commons-io-2.0-src (17 Apr, 2019 1:37:03 PM)/commons-io-2.0-src/src/test/java",org.apache.commons.io,FileUtilsWaitForTestCase,0,26,0,0,0,9,0,4,0,4
"commons-io-2.0-src (17 Apr, 2019 1:37:03 PM)/commons-io-2.0-src/src/test/java",org.apache.commons.io,IOCaseTestCase,177,923,11,11,46,184,11,22,0,22
"commons-io-2.0-src (17 Apr, 2019 1:37:03 PM)/commons-io-2.0-src/src/test/java",org.apache.commons.io,DemuxTestCase,0,238,0,4,0,58,0,12,0,10
"commons-io-2.0-src (17 Apr, 2019 1:37:03 PM)/commons-io-2.0-src/src/test/java",org.apache.commons.io,FileUtilsTestCase.new File() {...},0,11,0,0,0,4,0,3,0,3
"commons-io-2.0-src (17 Apr, 2019 1:37:03 PM)/commons-io-2.0-src/src/test/java",org.apache.commons.io,DirectoryWalkerTestCaseJava4.TestFalseFileFinder,0,7,0,0,0,3,0,2,0,2
"commons-io-2.0-src (17 Apr, 2019 1:37:03 PM)/commons-io-2.0-src/src/test/java",org.apache.commons.io,FileSystemUtilsTestCase,423,405,15,1,94,153,8,31,0,31
"commons-io-2.0-src (17 Apr, 2019 1:37:03 PM)/commons-io-2.0-src/src/test/java",org.apache.commons.io,IOUtilsCopyTestCase,68,658,0,0,24,157,0,25,0,25
"commons-io-2.0-src (17 Apr, 2019 1:37:03 PM)/commons-io-2.0-src/src/test/java",org.apache.commons.io,FilenameUtilsTestCase,46,5280,2,2,12,736,2,34,0,34
"commons-io-2.0-src (17 Apr, 2019 1:37:03 PM)/commons-io-2.0-src/src/test/java",org.apache.commons.io,ThreadMonitorTestCase,28,41,0,0,6,21,0,4,0,4
"commons-io-2.0-src (17 Apr, 2019 1:37:03 PM)/commons-io-2.0-src/src/test/java",org.apache.commons.io,DirectoryWalkerTestCase,150,848,1,15,20,150,1,31,0,24
"commons-io-2.0-src (17 Apr, 2019 1:37:03 PM)/commons-io-2.0-src/src/test/java",org.apache.commons.io,FileUtilsCleanDirectoryTestCase,65,163,9,3,14,42,6,10,0,10
"commons-io-2.0-src (17 Apr, 2019 1:37:03 PM)/commons-io-2.0-src/src/test/java",org.apache.commons.io,DirectoryWalkerTestCase.TestMultiThreadCancelWalker,5,65,0,6,1,20,0,9,0,6
"commons-io-2.0-src (17 Apr, 2019 1:37:03 PM)/commons-io-2.0-src/src/test/java",org.apache.commons.io,FileUtilsTestCase,536,3823,37,55,126,921,38,110,1,101
"commons-io-2.0-src (17 Apr, 2019 1:37:03 PM)/commons-io-2.0-src/src/test/java",org.apache.commons.io.filefilter,RegexFileFilterTestCase,68,195,3,3,14,37,3,5,0,5
"commons-io-2.0-src (17 Apr, 2019 1:37:03 PM)/commons-io-2.0-src/src/test/java",org.apache.commons.io.filefilter,IOFileFilterAbstractTestCase.TesterTrueFileFilter,0,32,0,0,0,10,0,6,0,6
"commons-io-2.0-src (17 Apr, 2019 1:37:03 PM)/commons-io-2.0-src/src/test/java",org.apache.commons.io.filefilter,FileFilterTestCase,279,3772,19,23,74,697,18,51,0,48
"commons-io-2.0-src (17 Apr, 2019 1:37:03 PM)/commons-io-2.0-src/src/test/java",org.apache.commons.io.filefilter,IOFileFilterAbstractTestCase,88,170,6,12,13,26,4,14,1,8
"commons-io-2.0-src (17 Apr, 2019 1:37:03 PM)/commons-io-2.0-src/src/test/java",org.apache.commons.io.filefilter,IOFileFilterAbstractTestCase.TesterFalseFileFilter,0,32,0,0,0,10,0,6,0,6
"commons-io-2.0-src (17 Apr, 2019 1:37:03 PM)/commons-io-2.0-src/src/test/java",org.apache.commons.io.filefilter,AndFileFilterTestCase,0,828,0,2,0,148,0,15,0,14
"commons-io-2.0-src (17 Apr, 2019 1:37:03 PM)/commons-io-2.0-src/src/test/java",org.apache.commons.io.filefilter,OrFileFilterTestCase,0,816,0,2,0,148,0,15,0,14
"commons-io-2.0-src (17 Apr, 2019 1:37:03 PM)/commons-io-2.0-src/src/test/java",org.apache.commons.io.filefilter,ConditionalFileFilterAbstractTestCase,2,481,1,11,0,90,1,12,0,7
"commons-io-2.0-src (17 Apr, 2019 1:37:03 PM)/commons-io-2.0-src/src/test/java",org.apache.commons.io.input.compatibility,XmlStreamReader,451,695,79,105,113,163,63,56,13,14
"commons-io-2.0-src (17 Apr, 2019 1:37:03 PM)/commons-io-2.0-src/src/test/java",org.apache.commons.io.input.compatibility,XmlStreamReaderUtilitiesCompatibilityTest.MockXmlStreamReader,0,11,0,0,0,2,0,1,0,1
"commons-io-2.0-src (17 Apr, 2019 1:37:03 PM)/commons-io-2.0-src/src/test/java",org.apache.commons.io.input.compatibility,XmlStreamReaderException,0,25,0,0,0,6,0,3,0,3
"commons-io-2.0-src (17 Apr, 2019 1:37:03 PM)/commons-io-2.0-src/src/test/java",org.apache.commons.io.input.compatibility,XmlStreamReaderUtilitiesCompatibilityTest,0,36,0,0,0,10,0,3,0,3
"commons-io-2.0-src (17 Apr, 2019 1:37:03 PM)/commons-io-2.0-src/src/test/java",org.apache.commons.io.comparator,PathFileComparatorTest,7,125,7,7,0,21,7,3,0,3
"commons-io-2.0-src (17 Apr, 2019 1:37:03 PM)/commons-io-2.0-src/src/test/java",org.apache.commons.io.comparator,DirectoryFileComparatorTest,0,49,0,0,0,13,0,4,0,4
"commons-io-2.0-src (17 Apr, 2019 1:37:03 PM)/commons-io-2.0-src/src/test/java",org.apache.commons.io.comparator,ComparatorAbstractTestCase,4,219,4,4,0,46,4,10,0,10
"commons-io-2.0-src (17 Apr, 2019 1:37:03 PM)/commons-io-2.0-src/src/test/java",org.apache.commons.io.comparator,ExtensionFileComparatorTest,7,125,7,7,0,21,7,3,0,3
"commons-io-2.0-src (17 Apr, 2019 1:37:03 PM)/commons-io-2.0-src/src/test/java",org.apache.commons.io.comparator,SizeFileComparatorTest,1,141,1,1,0,29,1,4,0,4
"commons-io-2.0-src (17 Apr, 2019 1:37:03 PM)/commons-io-2.0-src/src/test/java",org.apache.commons.io.comparator,NameFileComparatorTest,7,125,7,7,0,21,7,3,0,3
"commons-io-2.0-src (17 Apr, 2019 1:37:03 PM)/commons-io-2.0-src/src/test/java",org.apache.commons.io.comparator,LastModifiedFileComparatorTest,2,84,2,2,0,25,2,2,0,2
"commons-io-2.0-src (17 Apr, 2019 1:37:03 PM)/commons-io-2.0-src/src/test/java",org.apache.commons.io.comparator,CompositeFileComparatorTest,2,186,2,2,0,34,2,5,0,5
"commons-io-2.0-src (17 Apr, 2019 1:37:03 PM)/commons-io-2.0-src/src/test/java",org.apache.commons.io.comparator,DefaultFileComparatorTest,0,38,0,0,0,10,0,2,0,2
